Designator,Mid X,Mid Y,Rotation,Layer
F1,128.1,-97.550001,90.0,top
FB1,132.079999,-91.632207,180.0,top
J1,139.1,-89.2,180.0,top
JST,122.0,-96.200001,0.0,top
R1,132.05,-97.400001,180.0,top
R2,132.05,-95.250001,0.0,top
U1,128.1,-93.550001,90.0,top
